case,description,stage,expected_guard,outcome,exit_code,verdict
00-unmodified,"unmodified configuration",stack,"none","ran clean",0,PASS
01-smt-overlap,"python-service pinned onto the Java service's physical cores",pre-container,"[smt]","rejected by [smt]",1,PASS
02-cpuset-splits-core,"python-service takes one hyperthread of each core, not both",pre-container,"[cpuset]","rejected by [cpuset]",1,PASS
03-cpuset-nonexistent-cpu,"cpuset names a CPU that does not exist on this host",pre-container,"[smt]","rejected by [smt]",1,PASS
04-cpu-quota-exceeds-cpuset,"CPU quota larger than the cpuset can supply",pre-container,"[cpuset]","rejected by [cpuset]",1,PASS
05-thread-limiter-drift,"thread limiter tokens away from the pinned baseline",stack,"[tier-check]","rejected by [tier-check]",1,PASS
06-feature-tier-drift,"python-service loads an incomplete set of feature tiers",stack,"[tier-check]","rejected by [tier-check]",1,PASS
07-gc-threads-unpinned,"GC worker thread count left to JVM ergonomics",stack,"[jvm-pin]","rejected by [jvm-pin]",1,PASS
08-collector-swapped,"collector swapped from G1 to Parallel",stack,"[jvm-pin]","rejected by [jvm-pin]",1,PASS
